<?xml version="1.0" encoding="UTF-8"?>
<!DOCTYPE hibernate-configuration PUBLIC "-//Hibernate/Hibernate Configuration DTD 3.0//EN"
                                         "http://www.hibernate.org/dtd/hibernate-configuration-3.0.dtd">
<hibernate-configuration>
 <session-factory name="sessionfactory1">
  <property name="hibernate.connection.driver_class">com.mysql.jdbc.Driver</property>
  <property name="hibernate.connection.password">dev123</property>
  <property name="hibernate.connection.url">jdbc:mysql://localhost:3306/HIBERNATE</property>
  <property name="hibernate.connection.username">root</property>
  <property name="hibernate.dialect">org.hibernate.dialect.MySQL5Dialect</property>
  <property name="hibernate.connection.pool_size">10</property>
  <property name="hibernate.connection.autocommit">false</property>
  <property name="hibernate.show_sql">true</property>
  <mapping package="model" resource="Login.hbm.xml"/>
 </session-factory>
</hibernate-configuration>
