<?xml version="1.0"?>
<!DOCTYPE hibernate-mapping PUBLIC "-//Hibernate/Hibernate Mapping DTD 3.0//EN"
                                   "http://hibernate.sourceforge.net/hibernate-mapping-3.0.dtd">
<!-- Generated Mar 1, 2018 2:16:44 PM by Hibernate Tools 3.5.0.Final -->
<hibernate-mapping>
 <class name="model.Login" table="LOGIN">
  <id name="id" type="int">
   <column name="ID"/>
   <generator class="identity"/>
  </id>
  <property generated="never" lazy="false" name="name" type="java.lang.String">
   <column name="NAME"/>
  </property>
  <property generated="never" lazy="false" name="points" type="int">
   <column name="POINTS"/>
  </property>
  <property generated="never" lazy="false" name="username" type="java.lang.String">
   <column name="USERNAME"/>
  </property>
 </class>
</hibernate-mapping>
